SimUID,CROP,YR,ROT,FER,IRR,WTH,TIL,YLD_DM,FTN,YLD
52339,WWHT,2008,CRS4,BAU,rf,hist,contill_bau,7.373,180,8.378409090909091
52339,WWHT,2019,CRS1,BAU,rf,hist,mintill_cons,6.501,180,7.3875
52339,WWHT,1988,CRS4,BAU,rf,hist,contill_bau,7.137,180,8.110227272727272
52339,WWHT,2000,CRS4,BAU,rf,hist,contill_bau,8.202,180,9.320454545454545
52339,WWHT,2007,CRS7,BAU,rf,hist,mintill_cons,6.072,180,6.9
52339,WWHT,1999,CRS3,BAU,rf,hist,contill_bau,7.364,180,8.368181818181817
52339,WWHT,2004,CRS4,BAU,rf,hist,contill_bau,7.33,180,8.329545454545455
52339,WWHT,2003,CRS1,BAU,rf,hist,mintill_cons,5.384,180,6.118181818181818
52339,WWHT,2004,CRS1,BAU,rf,hist,mintill_cons,5.295,180,6.017045454545454
52339,WWHT,2003,CRS7,BAU,rf,hist,mintill_cons,5.42,180,6.159090909090909
52339,WWHT,2003,CRS3,BAU,rf,hist,contill_bau,7.502,180,8.525
52339,WWHT,2011,CRS1,BAU,rf,hist,contill_bau,6.407,180,7.280681818181818
52339,WWHT,2003,CRS2,BAU,rf,hist,contill_bau,6.898,180,7.838636363636363
52339,WWHT,2003,CRS1,BAU,rf,hist,contill_bau,6.973,180,7.923863636363636
52339,WWHT,2008,CRS4,BAU,rf,hist,mintill_cons,5.983,180,6.798863636363636
52339,WWHT,1987,CRS7,BAU,rf,hist,mintill_cons,5.161,180,5.864772727272727
52339,WWHT,2011,CRS2,BAU,rf,hist,contill_bau,6.328,180,7.190909090909091
52339,WWHT,2015,CRS3,BAU,rf,hist,mintill_cons,6.176,180,7.0181818181818185
52339,WWHT,2020,CRS1,BAU,rf,hist,mintill_cons,6.015,180,6.8352272727272725
52339,WWHT,1988,CRS4,BAU,rf,hist,mintill_cons,6.354,180,7.220454545454546
52339,WWHT,1991,CRS7,BAU,rf,hist,contill_bau,6.397,180,7.269318181818182
52339,WWHT,2019,CRS2,BAU,rf,hist,contill_bau,7.54,180,8.568181818181818
52339,WWHT,1996,CRS4,BAU,rf,hist,contill_bau,6.327,180,7.189772727272727
52339,WWHT,2000,CRS4,BAU,rf,hist,mintill_cons,6.286,180,7.143181818181818
52339,WWHT,2004,CRS4,BAU,rf,hist,mintill_cons,5.893,180,6.696590909090909
52339,WWHT,1999,CRS7,BAU,rf,hist,mintill_cons,5.195,180,5.903409090909091
52339,WWHT,2007,CRS4,BAU,rf,hist,contill_bau,8.123,180,9.230681818181818
52339,WWHT,1999,CRS3,BAU,rf,hist,mintill_cons,5.66,180,6.431818181818182
52339,WWHT,2004,CRS1,BAU,rf,hist,contill_bau,7.163,180,8.139772727272728
52339,WWHT,2007,CRS1,BAU,rf,hist,mintill_cons,6.074,180,6.902272727272727
52339,WWHT,2008,CRS1,BAU,rf,hist,mintill_cons,5.381,180,6.114772727272728
52339,WWHT,2011,CRS1,BAU,rf,hist,mintill_cons,5.477,180,6.223863636363637
52339,WWHT,2016,CRS4,BAU,rf,hist,contill_bau,7.811,180,8.876136363636364
52339,WWHT,2007,CRS2,BAU,rf,hist,contill_bau,7.362,180,8.36590909090909
52339,WWHT,2016,CRS1,BAU,rf,hist,mintill_cons,5.547,180,6.30340909090909
52339,WWHT,2016,CRS1,BAU,rf,hist,contill_bau,7.493,180,8.514772727272728
52339,WWHT,2019,CRS1,BAU,rf,hist,contill_bau,7.628,180,8.668181818181818
52339,WWHT,2015,CRS2,BAU,rf,hist,mintill_cons,5.537,180,6.2920454545454545
52339,WWHT,1987,CRS4,BAU,rf,hist,contill_bau,5.851,180,6.648863636363636
52339,WWHT,1991,CRS4,BAU,rf,hist,contill_bau,6.693,180,7.605681818181818
52339,WWHT,1996,CRS4,BAU,rf,hist,mintill_cons,4.72,180,5.363636363636363
52339,WWHT,1987,CRS3,BAU,rf,hist,mintill_cons,4.77,180,5.420454545454545
52339,WWHT,1987,CRS3,BAU,rf,hist,contill_bau,6.117,180,6.951136363636364
52339,WWHT,1991,CRS3,BAU,rf,hist,mintill_cons,5.128,180,5.827272727272727
52339,WWHT,1999,CRS4,BAU,rf,hist,contill_bau,7.082,180,8.047727272727272
52339,WWHT,1991,CRS3,BAU,rf,hist,contill_bau,7.298,180,8.293181818181818
52339,WWHT,1995,CRS3,BAU,rf,hist,mintill_cons,5.617,180,6.382954545454545
52339,WWHT,2003,CRS4,BAU,rf,hist,contill_bau,7.346,180,8.347727272727273
52339,WWHT,1995,CRS3,BAU,rf,hist,contill_bau,7.632,180,8.672727272727272
52339,WWHT,2011,CRS7,BAU,rf,hist,mintill_cons,5.444,180,6.1863636363636365
52339,WWHT,2012,CRS7,BAU,rf,hist,mintill_cons,5.465,180,6.2102272727272725
52339,WWHT,2003,CRS3,BAU,rf,hist,mintill_cons,5.952,180,6.763636363636364
52339,WWHT,2003,CRS2,BAU,rf,hist,mintill_cons,5.151,180,5.853409090909091
52339,WWHT,2007,CRS3,BAU,rf,hist,contill_bau,8.125,180,9.232954545454545
52339,WWHT,2020,CRS4,BAU,rf,hist,contill_bau,8.015,180,9.107954545454547
52339,WWHT,2011,CRS3,BAU,rf,hist,mintill_cons,5.995,180,6.8125
52339,WWHT,2011,CRS3,BAU,rf,hist,contill_bau,7.405,180,8.414772727272727
52339,WWHT,2011,CRS2,BAU,rf,hist,mintill_cons,5.336,180,6.063636363636364
52339,WWHT,1988,CRS7,BAU,rf,hist,mintill_cons,5.982,180,6.797727272727273
52339,WWHT,2015,CRS2,BAU,rf,hist,contill_bau,7.037,180,7.996590909090909
52339,WWHT,1991,CRS7,BAU,rf,hist,mintill_cons,4.853,180,5.514772727272727
52339,WWHT,1987,CRS4,BAU,rf,hist,mintill_cons,5.149,180,5.851136363636364
52339,WWHT,1995,CRS7,BAU,rf,hist,mintill_cons,5.005,180,5.6875
52339,WWHT,1991,CRS4,BAU,rf,hist,mintill_cons,5.217,180,5.92840909090909
52339,WWHT,1995,CRS4,BAU,rf,hist,mintill_cons,5.515,180,6.267045454545454
52339,WWHT,1992,CRS1,BAU,rf,hist,mintill_cons,5.18,180,5.886363636363636
52339,WWHT,1999,CRS4,BAU,rf,hist,mintill_cons,5.697,180,6.473863636363636
52339,WWHT,1996,CRS1,BAU,rf,hist,mintill_cons,4.163,180,4.730681818181819
52339,WWHT,2003,CRS4,BAU,rf,hist,mintill_cons,5.82,180,6.613636363636364
52339,WWHT,1991,CRS2,BAU,rf,hist,contill_bau,6.302,180,7.161363636363636
52339,WWHT,2007,CRS4,BAU,rf,hist,mintill_cons,6.531,180,7.4215909090909085
52339,WWHT,2011,CRS7,BAU,rf,hist,contill_bau,6.461,180,7.342045454545455
52339,WWHT,1995,CRS2,BAU,rf,hist,contill_bau,6.58,180,7.4772727272727275
52339,WWHT,2007,CRS1,BAU,rf,hist,contill_bau,7.45,180,8.465909090909092
52339,WWHT,1986,CRS6,BAU,rf,hist,mintill_cons,4.988,180,5.668181818181819
52339,WWHT,1999,CRS2,BAU,rf,hist,contill_bau,6.469,180,7.351136363636364
52339,WWHT,2016,CRS4,BAU,rf,hist,mintill_cons,6.27,180,7.124999999999999
52339,WWHT,2019,CRS7,BAU,rf,hist,contill_bau,7.701,180,8.751136363636363
52339,WWHT,2012,CRS1,BAU,rf,hist,mintill_cons,5.47,180,6.215909090909091
52339,WWHT,2015,CRS1,BAU,rf,hist,contill_bau,7.102,180,8.070454545454545
52339,WWHT,2020,CRS4,BAU,rf,hist,mintill_cons,6.635,180,7.539772727272727
52339,WWHT,2015,CRS1,BAU,rf,hist,mintill_cons,5.726,180,6.506818181818182
52339,WWHT,1987,CRS7,BAU,rf,hist,contill_bau,5.752,180,6.536363636363636
52339,WWHT,2002,CRS6,BAU,rf,hist,mintill_cons,6.282,180,7.138636363636364
52339,WWHT,1995,CRS7,BAU,rf,hist,contill_bau,6.615,180,7.517045454545455
52339,WWHT,1987,CRS1,BAU,rf,hist,contill_bau,5.642,180,6.411363636363637
52339,WWHT,1999,CRS7,BAU,rf,hist,contill_bau,6.639,180,7.544318181818182
52339,WWHT,1988,CRS1,BAU,rf,hist,contill_bau,7.024,180,7.9818181818181815
52339,WWHT,1995,CRS4,BAU,rf,hist,contill_bau,7.203,180,8.185227272727273
52339,WWHT,1991,CRS1,BAU,rf,hist,contill_bau,6.306,180,7.165909090909091
52339,WWHT,2003,CRS7,BAU,rf,hist,contill_bau,6.912,180,7.8545454545454545
52339,WWHT,1992,CRS1,BAU,rf,hist,contill_bau,7.305,180,8.301136363636363
52339,WWHT,1995,CRS1,BAU,rf,hist,contill_bau,6.652,180,7.5590909090909095
52339,WWHT,2007,CRS7,BAU,rf,hist,contill_bau,7.594,180,8.629545454545454
52339,WWHT,1996,CRS1,BAU,rf,hist,contill_bau,6.128,180,6.963636363636364
52339,WWHT,1999,CRS1,BAU,rf,hist,contill_bau,6.555,180,7.448863636363636
52339,WWHT,2000,CRS1,BAU,rf,hist,contill_bau,7.965,180,9.051136363636363
52339,WWHT,1995,CRS2,BAU,rf,hist,mintill_cons,4.922,180,5.593181818181818
52339,WWHT,2011,CRS4,BAU,rf,hist,contill_bau,6.947,180,7.894318181818182
52339,WWHT,2008,CRS1,BAU,rf,hist,contill_bau,7.167,180,8.144318181818182
52339,WWHT,2015,CRS4,BAU,rf,hist,contill_bau,7.543,180,8.57159090909091
52339,WWHT,2007,CRS3,BAU,rf,hist,mintill_cons,6.656,180,7.5636363636363635
52339,WWHT,2020,CRS7,BAU,rf,hist,mintill_cons,6.039,180,6.8625
52339,WWHT,2007,CRS2,BAU,rf,hist,mintill_cons,5.882,180,6.684090909090909
52339,WWHT,2015,CRS3,BAU,rf,hist,contill_bau,7.506,180,8.529545454545454
52339,WWHT,2020,CRS1,BAU,rf,hist,contill_bau,7.823,180,8.889772727272728
52339,WWHT,2019,CRS3,BAU,rf,hist,contill_bau,8.056,180,9.154545454545454
52339,WWHT,1987,CRS2,BAU,rf,hist,mintill_cons,5.003,180,5.685227272727273
52339,WWHT,1991,CRS2,BAU,rf,hist,mintill_cons,4.692,180,5.331818181818182
52339,WWHT,2015,CRS7,BAU,rf,hist,mintill_cons,5.764,180,6.55
52339,WWHT,1999,CRS2,BAU,rf,hist,mintill_cons,5.033,180,5.719318181818182
52339,WWHT,2016,CRS7,BAU,rf,hist,mintill_cons,5.579,180,6.339772727272727
52339,WWHT,2019,CRS7,BAU,rf,hist,mintill_cons,6.549,180,7.442045454545455
52339,WWHT,1990,CRS6,BAU,rf,hist,mintill_cons,5.825,180,6.619318181818182
52339,WWHT,2020,CRS7,BAU,rf,hist,contill_bau,7.762,180,8.820454545454545
52339,WWHT,1994,CRS6,BAU,rf,hist,mintill_cons,5.876,180,6.677272727272728
52339,WWHT,1987,CRS1,BAU,rf,hist,mintill_cons,5.106,180,5.802272727272727
52339,WWHT,1988,CRS1,BAU,rf,hist,mintill_cons,6.003,180,6.821590909090909
52339,WWHT,2000,CRS7,BAU,rf,hist,contill_bau,7.939,180,9.021590909090909
52339,WWHT,1987,CRS2,BAU,rf,hist,contill_bau,5.625,180,6.392045454545454
52339,WWHT,2004,CRS7,BAU,rf,hist,contill_bau,7.109,180,8.07840909090909
52339,WWHT,1999,CRS1,BAU,rf,hist,mintill_cons,5.187,180,5.894318181818182
52339,WWHT,2000,CRS1,BAU,rf,hist,mintill_cons,5.519,180,6.271590909090909
52339,WWHT,2012,CRS7,BAU,rf,hist,contill_bau,7.786,180,8.847727272727273
52339,WWHT,2012,CRS4,BAU,rf,hist,mintill_cons,6.228,180,7.077272727272727
52339,WWHT,2015,CRS7,BAU,rf,hist,contill_bau,7.071,180,8.035227272727273
52339,WWHT,2015,CRS4,BAU,rf,hist,mintill_cons,6.052,180,6.877272727272727
52339,WWHT,2012,CRS1,BAU,rf,hist,contill_bau,7.83,180,8.897727272727273
52339,WWHT,2019,CRS4,BAU,rf,hist,contill_bau,8.047,180,9.144318181818182
52339,WWHT,1998,CRS6,BAU,rf,hist,contill_bau,7.52,180,8.545454545454545
52339,WWHT,2019,CRS3,BAU,rf,hist,mintill_cons,6.674,180,7.58409090909091
52339,WWHT,1992,CRS7,BAU,rf,hist,contill_bau,7.285,180,8.278409090909092
52339,WWHT,2002,CRS6,BAU,rf,hist,contill_bau,7.631,180,8.67159090909091
52339,WWHT,1992,CRS4,BAU,rf,hist,contill_bau,7.539,180,8.567045454545454
52339,WWHT,1996,CRS7,BAU,rf,hist,contill_bau,6.079,180,6.907954545454545
52339,WWHT,2010,CRS6,BAU,rf,hist,mintill_cons,5.436,180,6.177272727272727
52339,WWHT,1991,CRS1,BAU,rf,hist,mintill_cons,4.83,180,5.488636363636363
52339,WWHT,2010,CRS6,BAU,rf,hist,contill_bau,7.282,180,8.275
52339,WWHT,2014,CRS6,BAU,rf,hist,mintill_cons,5.925,180,6.732954545454545
52339,WWHT,1995,CRS1,BAU,rf,hist,mintill_cons,5.038,180,5.7250000000000005
52339,WWHT,2014,CRS6,BAU,rf,hist,contill_bau,7.56,180,8.59090909090909
52339,WWHT,2018,CRS6,BAU,rf,hist,mintill_cons,5.935,180,6.744318181818182
52339,WWHT,2008,CRS7,BAU,rf,hist,contill_bau,7.15,180,8.125
52339,WWHT,2018,CRS6,BAU,rf,hist,contill_bau,7.557,180,8.5875
52339,WWHT,2012,CRS4,BAU,rf,hist,contill_bau,8.175,180,9.289772727272728
52339,WWHT,2019,CRS4,BAU,rf,hist,mintill_cons,6.678,180,7.588636363636364
52339,WWHT,1994,CRS6,BAU,rf,hist,contill_bau,7.818,180,8.884090909090908
52339,WWHT,2004,CRS7,BAU,rf,hist,mintill_cons,5.308,180,6.031818181818181
52339,WWHT,1992,CRS4,BAU,rf,hist,mintill_cons,5.799,180,6.589772727272727
52339,WWHT,1996,CRS7,BAU,rf,hist,mintill_cons,4.185,180,4.7556818181818175
52339,WWHT,2006,CRS6,BAU,rf,hist,mintill_cons,5.749,180,6.532954545454545
52339,WWHT,1990,CRS6,BAU,rf,hist,contill_bau,7.448,180,8.463636363636365
52339,WWHT,2000,CRS7,BAU,rf,hist,mintill_cons,5.533,180,6.2875000000000005
52339,WWHT,2011,CRS4,BAU,rf,hist,mintill_cons,5.898,180,6.702272727272727
52339,WWHT,2016,CRS7,BAU,rf,hist,contill_bau,7.469,180,8.4875
52339,WWHT,1992,CRS7,BAU,rf,hist,mintill_cons,5.229,180,5.942045454545455
52339,WWHT,2008,CRS7,BAU,rf,hist,mintill_cons,5.377,180,6.110227272727273
52339,WWHT,1998,CRS6,BAU,rf,hist,mintill_cons,5.594,180,6.356818181818182
52339,WWHT,2006,CRS6,BAU,rf,hist,contill_bau,7.437,180,8.451136363636364
52339,WWHT,2019,CRS2,BAU,rf,hist,mintill_cons,6.318,180,7.179545454545454
52339,WWHT,1988,CRS7,BAU,rf,hist,contill_bau,6.996,180,7.95
52339,WWHT,1986,CRS6,BAU,rf,hist,contill_bau,6.31,180,7.170454545454545
52339,WWHT,1991,MONO,N10,rf,hist,contill_r00,1.692,10,1.9227272727272726
52339,WWHT,1990,MONO,N10,rf,hist,contill_r00,1.633,10,1.8556818181818182
52339,WWHT,1993,MONO,N10,rf,hist,contill_r00,1.735,10,1.9715909090909092
52339,WWHT,1992,MONO,N10,rf,hist,contill_r00,1.856,10,2.1090909090909093
52339,WWHT,1995,MONO,N10,rf,hist,contill_r00,1.487,10,1.6897727272727274
52339,WWHT,1996,MONO,N10,rf,hist,contill_r00,1.459,10,1.6579545454545455
52339,WWHT,1997,MONO,N10,rf,hist,contill_r00,1.817,10,2.064772727272727
52339,WWHT,1998,MONO,N10,rf,hist,contill_r00,1.445,10,1.6420454545454546
52339,WWHT,1999,MONO,N10,rf,hist,contill_r00,1.493,10,1.6965909090909093
52339,WWHT,1994,MONO,N10,rf,hist,contill_r00,1.481,10,1.6829545454545456
52339,WWHT,2001,MONO,N10,rf,hist,contill_r00,1.483,10,1.6852272727272728
52339,WWHT,2002,MONO,N10,rf,hist,contill_r00,1.561,10,1.7738636363636362
52339,WWHT,2003,MONO,N10,rf,hist,contill_r00,1.343,10,1.5261363636363636
52339,WWHT,2004,MONO,N10,rf,hist,contill_r00,1.421,10,1.6147727272727272
52339,WWHT,2005,MONO,N10,rf,hist,contill_r00,1.567,10,1.780681818181818
52339,WWHT,2006,MONO,N10,rf,hist,contill_r00,1.16,10,1.3181818181818181
52339,WWHT,2007,MONO,N10,rf,hist,contill_r00,1.61,10,1.8295454545454546
52339,WWHT,2008,MONO,N10,rf,hist,contill_r00,1.355,10,1.5397727272727273
52339,WWHT,2009,MONO,N10,rf,hist,contill_r00,1.406,10,1.5977272727272727
52339,WWHT,2010,MONO,N10,rf,hist,contill_r00,1.235,10,1.403409090909091
52339,WWHT,2011,MONO,N10,rf,hist,contill_r00,1.344,10,1.5272727272727273
52339,WWHT,2012,MONO,N10,rf,hist,contill_r00,1.456,10,1.6545454545454545
52339,WWHT,2013,MONO,N10,rf,hist,contill_r00,1.294,10,1.4704545454545455
52339,WWHT,2014,MONO,N10,rf,hist,contill_r00,1.357,10,1.5420454545454545
52339,WWHT,2015,MONO,N10,rf,hist,contill_r00,1.304,10,1.481818181818182
52339,WWHT,2016,MONO,N10,rf,hist,contill_r00,1.585,10,1.8011363636363635
52339,WWHT,2017,MONO,N10,rf,hist,contill_r00,1.081,10,1.2284090909090908
52339,WWHT,2018,MONO,N10,rf,hist,contill_r00,1.197,10,1.3602272727272728
52339,WWHT,2019,MONO,N10,rf,hist,contill_r00,1.377,10,1.5647727272727272
52339,WWHT,2000,MONO,N10,rf,hist,contill_r00,1.519,10,1.7261363636363636
52339,WWHT,1985,MONO,N10,rf,hist,contill_r00,2.181,10,2.478409090909091
52339,WWHT,1986,MONO,N10,rf,hist,contill_r00,1.673,10,1.9011363636363636
52339,WWHT,1987,MONO,N10,rf,hist,contill_r00,1.857,10,2.110227272727273
52339,WWHT,1988,MONO,N10,rf,hist,contill_r00,1.741,10,1.978409090909091
52339,WWHT,1989,MONO,N10,rf,hist,contill_r00,1.643,10,1.8670454545454545
52339,WWHT,1991,MONO,N100,rf,hist,contill_r00,5.554,100,6.3113636363636365
52339,WWHT,1990,MONO,N100,rf,hist,contill_r00,5.561,100,6.319318181818182
52339,WWHT,1993,MONO,N100,rf,hist,contill_r00,5.687,100,6.4625
52339,WWHT,1992,MONO,N100,rf,hist,contill_r00,5.691,100,6.467045454545454
52339,WWHT,1995,MONO,N100,rf,hist,contill_r00,5.332,100,6.059090909090909
52339,WWHT,1996,MONO,N100,rf,hist,contill_r00,5.184,100,5.890909090909091
52339,WWHT,1997,MONO,N100,rf,hist,contill_r00,5.76,100,6.545454545454545
52339,WWHT,1998,MONO,N100,rf,hist,contill_r00,5.515,100,6.267045454545454
52339,WWHT,1999,MONO,N100,rf,hist,contill_r00,5.482,100,6.2295454545454545
52339,WWHT,1994,MONO,N100,rf,hist,contill_r00,5.409,100,6.146590909090909
52339,WWHT,2001,MONO,N100,rf,hist,contill_r00,5.503,100,6.253409090909091
52339,WWHT,2002,MONO,N100,rf,hist,contill_r00,5.643,100,6.4125
52339,WWHT,2003,MONO,N100,rf,hist,contill_r00,5.427,100,6.1670454545454545
52339,WWHT,2004,MONO,N100,rf,hist,contill_r00,5.47,100,6.215909090909091
52339,WWHT,2005,MONO,N100,rf,hist,contill_r00,5.543,100,6.298863636363636
52339,WWHT,2006,MONO,N100,rf,hist,contill_r00,4.941,100,5.614772727272727
52339,WWHT,2007,MONO,N100,rf,hist,contill_r00,5.946,100,6.756818181818182
52339,WWHT,2008,MONO,N100,rf,hist,contill_r00,5.48,100,6.2272727272727275
52339,WWHT,2009,MONO,N100,rf,hist,contill_r00,5.496,100,6.245454545454546
52339,WWHT,2010,MONO,N100,rf,hist,contill_r00,5.394,100,6.129545454545455
52339,WWHT,2011,MONO,N100,rf,hist,contill_r00,5.429,100,6.169318181818182
52339,WWHT,2012,MONO,N100,rf,hist,contill_r00,5.651,100,6.4215909090909085
52339,WWHT,2013,MONO,N100,rf,hist,contill_r00,5.403,100,6.139772727272727
52339,WWHT,2014,MONO,N100,rf,hist,contill_r00,5.435,100,6.176136363636363
52339,WWHT,2015,MONO,N100,rf,hist,contill_r00,3.93,100,4.465909090909091
52339,WWHT,2016,MONO,N100,rf,hist,contill_r00,6.34,100,7.204545454545454
52339,WWHT,2017,MONO,N100,rf,hist,contill_r00,5.283,100,6.003409090909091
52339,WWHT,2018,MONO,N100,rf,hist,contill_r00,4.348,100,4.9409090909090905
52339,WWHT,2019,MONO,N100,rf,hist,contill_r00,3.674,100,4.175
52339,WWHT,2000,MONO,N100,rf,hist,contill_r00,5.471,100,6.217045454545454
52339,WWHT,1985,MONO,N100,rf,hist,contill_r00,5.798,100,6.588636363636364
52339,WWHT,1986,MONO,N100,rf,hist,contill_r00,5.328,100,6.054545454545455
52339,WWHT,1987,MONO,N100,rf,hist,contill_r00,5.55,100,6.306818181818182
52339,WWHT,1988,MONO,N100,rf,hist,contill_r00,5.583,100,6.344318181818182
52339,WWHT,1989,MONO,N100,rf,hist,contill_r00,5.44,100,6.1818181818181825
52339,WWHT,1991,MONO,N100,rf,hist,contill_r30,5.111,100,5.807954545454545
52339,WWHT,1990,MONO,N100,rf,hist,contill_r30,5.254,100,5.970454545454545
52339,WWHT,1993,MONO,N100,rf,hist,contill_r30,5.433,100,6.173863636363636
52339,WWHT,1992,MONO,N100,rf,hist,contill_r30,5.324,100,6.05
52339,WWHT,1995,MONO,N100,rf,hist,contill_r30,3.026,100,3.4386363636363635
52339,WWHT,1996,MONO,N100,rf,hist,contill_r30,5.633,100,6.401136363636364
52339,WWHT,1997,MONO,N100,rf,hist,contill_r30,5.597,100,6.360227272727273
52339,WWHT,1998,MONO,N100,rf,hist,contill_r30,5.324,100,6.05
52339,WWHT,1999,MONO,N100,rf,hist,contill_r30,5.122,100,5.820454545454545
52339,WWHT,1994,MONO,N100,rf,hist,contill_r30,4.949,100,5.6238636363636365
52339,WWHT,2001,MONO,N100,rf,hist,contill_r30,3.516,100,3.9954545454545456
52339,WWHT,2002,MONO,N100,rf,hist,contill_r30,6.213,100,7.060227272727273
52339,WWHT,2003,MONO,N100,rf,hist,contill_r30,5.35,100,6.079545454545454
52339,WWHT,2004,MONO,N100,rf,hist,contill_r30,4.004,100,4.55
52339,WWHT,2005,MONO,N100,rf,hist,contill_r30,5.506,100,6.256818181818182
52339,WWHT,2006,MONO,N100,rf,hist,contill_r30,4.775,100,5.426136363636364
52339,WWHT,2007,MONO,N100,rf,hist,contill_r30,5.859,100,6.657954545454546
52339,WWHT,2008,MONO,N100,rf,hist,contill_r30,4.518,100,5.134090909090909
52339,WWHT,2009,MONO,N100,rf,hist,contill_r30,5.237,100,5.951136363636364
52339,WWHT,2010,MONO,N100,rf,hist,contill_r30,5.076,100,5.768181818181818
52339,WWHT,2011,MONO,N100,rf,hist,contill_r30,5.139,100,5.839772727272727
52339,WWHT,2012,MONO,N100,rf,hist,contill_r30,5.58,100,6.340909090909091
52339,WWHT,2013,MONO,N100,rf,hist,contill_r30,4.929,100,5.601136363636364
52339,WWHT,2014,MONO,N100,rf,hist,contill_r30,5.048,100,5.736363636363636
52339,WWHT,2015,MONO,N100,rf,hist,contill_r30,3.615,100,4.107954545454546
52339,WWHT,2016,MONO,N100,rf,hist,contill_r30,6.307,100,7.167045454545455
52339,WWHT,2017,MONO,N100,rf,hist,contill_r30,3.317,100,3.769318181818182
52339,WWHT,2018,MONO,N100,rf,hist,contill_r30,4.419,100,5.021590909090909
52339,WWHT,2019,MONO,N100,rf,hist,contill_r30,3.549,100,4.032954545454546
52339,WWHT,2000,MONO,N100,rf,hist,contill_r30,4.089,100,4.64659090909091
52339,WWHT,1985,MONO,N100,rf,hist,contill_r30,5.447,100,6.189772727272727
52339,WWHT,1986,MONO,N100,rf,hist,contill_r30,4.916,100,5.586363636363637
52339,WWHT,1987,MONO,N100,rf,hist,contill_r30,5.078,100,5.7704545454545455
52339,WWHT,1988,MONO,N100,rf,hist,contill_r30,5.268,100,5.986363636363636
52339,WWHT,1989,MONO,N100,rf,hist,contill_r30,5.078,100,5.7704545454545455
52339,WWHT,1991,MONO,N100,rf,hist,contill_r60,3.365,100,3.8238636363636367
52339,WWHT,1990,MONO,N100,rf,hist,contill_r60,5.448,100,6.190909090909091
52339,WWHT,1993,MONO,N100,rf,hist,contill_r60,5.394,100,6.129545454545455
52339,WWHT,1992,MONO,N100,rf,hist,contill_r60,5.817,100,6.610227272727273
52339,WWHT,1995,MONO,N100,rf,hist,contill_r60,2.806,100,3.1886363636363635
52339,WWHT,1996,MONO,N100,rf,hist,contill_r60,5.48,100,6.2272727272727275
52339,WWHT,1997,MONO,N100,rf,hist,contill_r60,4.983,100,5.6625
52339,WWHT,1998,MONO,N100,rf,hist,contill_r60,3.875,100,4.403409090909091
52339,WWHT,1999,MONO,N100,rf,hist,contill_r60,5.439,100,6.180681818181818
52339,WWHT,1994,MONO,N100,rf,hist,contill_r60,4.643,100,5.276136363636363
52339,WWHT,2001,MONO,N100,rf,hist,contill_r60,3.51,100,3.9886363636363633
52339,WWHT,2002,MONO,N100,rf,hist,contill_r60,6.206,100,7.052272727272728
52339,WWHT,2003,MONO,N100,rf,hist,contill_r60,4.296,100,4.881818181818182
52339,WWHT,2004,MONO,N100,rf,hist,contill_r60,3.599,100,4.089772727272727
52339,WWHT,2005,MONO,N100,rf,hist,contill_r60,5.575,100,6.3352272727272725
52339,WWHT,2006,MONO,N100,rf,hist,contill_r60,4.122,100,4.684090909090909
52339,WWHT,2007,MONO,N100,rf,hist,contill_r60,5.892,100,6.695454545454546
52339,WWHT,2008,MONO,N100,rf,hist,contill_r60,3.189,100,3.6238636363636365
52339,WWHT,2009,MONO,N100,rf,hist,contill_r60,4.083,100,4.639772727272727
52339,WWHT,2010,MONO,N100,rf,hist,contill_r60,5.814,100,6.6068181818181815
52339,WWHT,2011,MONO,N100,rf,hist,contill_r60,4.765,100,5.414772727272727
52339,WWHT,2012,MONO,N100,rf,hist,contill_r60,3.944,100,4.4818181818181815
52339,WWHT,2013,MONO,N100,rf,hist,contill_r60,4.057,100,4.610227272727273
52339,WWHT,2014,MONO,N100,rf,hist,contill_r60,5.861,100,6.660227272727273
52339,WWHT,2015,MONO,N100,rf,hist,contill_r60,3.182,100,3.6159090909090907
52339,WWHT,2016,MONO,N100,rf,hist,contill_r60,6.415,100,7.2897727272727275
52339,WWHT,2017,MONO,N100,rf,hist,contill_r60,2.931,100,3.330681818181818
52339,WWHT,2018,MONO,N100,rf,hist,contill_r60,4.537,100,5.155681818181818
52339,WWHT,2019,MONO,N100,rf,hist,contill_r60,3.038,100,3.452272727272727
52339,WWHT,2000,MONO,N100,rf,hist,contill_r60,3.527,100,4.007954545454545
52339,WWHT,1985,MONO,N100,rf,hist,contill_r60,4.816,100,5.472727272727273
52339,WWHT,1986,MONO,N100,rf,hist,contill_r60,3.708,100,4.213636363636364
52339,WWHT,1987,MONO,N100,rf,hist,contill_r60,5.179,100,5.885227272727273
52339,WWHT,1988,MONO,N100,rf,hist,contill_r60,5.023,100,5.7079545454545455
52339,WWHT,1989,MONO,N100,rf,hist,contill_r60,3.586,100,4.075
52339,WWHT,1991,MONO,N100,rf,hist,contill_r90,3.044,100,3.459090909090909
52339,WWHT,1990,MONO,N100,rf,hist,contill_r90,5.424,100,6.163636363636364
52339,WWHT,1993,MONO,N100,rf,hist,contill_r90,5.075,100,5.767045454545455
52339,WWHT,1992,MONO,N100,rf,hist,contill_r90,5.775,100,6.5625
52339,WWHT,1995,MONO,N100,rf,hist,contill_r90,3.02,100,3.4318181818181817
52339,WWHT,1996,MONO,N100,rf,hist,contill_r90,5.44,100,6.1818181818181825
52339,WWHT,1997,MONO,N100,rf,hist,contill_r90,4.66,100,5.295454545454546
52339,WWHT,1998,MONO,N100,rf,hist,contill_r90,3.257,100,3.7011363636363637
52339,WWHT,1999,MONO,N100,rf,hist,contill_r90,5.555,100,6.3125
52339,WWHT,1994,MONO,N100,rf,hist,contill_r90,3.176,100,3.6090909090909093
52339,WWHT,2001,MONO,N100,rf,hist,contill_r90,3.453,100,3.9238636363636363
52339,WWHT,2002,MONO,N100,rf,hist,contill_r90,6.203,100,7.048863636363636
52339,WWHT,2003,MONO,N100,rf,hist,contill_r90,3.256,100,3.6999999999999997
52339,WWHT,2004,MONO,N100,rf,hist,contill_r90,3.731,100,4.239772727272727
52339,WWHT,2005,MONO,N100,rf,hist,contill_r90,4.154,100,4.720454545454546
52339,WWHT,2006,MONO,N100,rf,hist,contill_r90,5.677,100,6.451136363636363
52339,WWHT,2007,MONO,N100,rf,hist,contill_r90,3.45,100,3.920454545454546
52339,WWHT,2008,MONO,N100,rf,hist,contill_r90,5.871,100,6.671590909090909
52339,WWHT,2009,MONO,N100,rf,hist,contill_r90,2.994,100,3.4022727272727273
52339,WWHT,2010,MONO,N100,rf,hist,contill_r90,5.593,100,6.355681818181818
52339,WWHT,2011,MONO,N100,rf,hist,contill_r90,4.453,100,5.060227272727273
52339,WWHT,2012,MONO,N100,rf,hist,contill_r90,3.699,100,4.203409090909091
52339,WWHT,2013,MONO,N100,rf,hist,contill_r90,3.923,100,4.4579545454545455
52339,WWHT,2014,MONO,N100,rf,hist,contill_r90,5.839,100,6.635227272727273
52339,WWHT,2015,MONO,N100,rf,hist,contill_r90,2.853,100,3.2420454545454547
52339,WWHT,2016,MONO,N100,rf,hist,contill_r90,6.54,100,7.431818181818182
52339,WWHT,2017,MONO,N100,rf,hist,contill_r90,2.665,100,3.028409090909091
52339,WWHT,2018,MONO,N100,rf,hist,contill_r90,4.591,100,5.217045454545454
52339,WWHT,2019,MONO,N100,rf,hist,contill_r90,3.068,100,3.4863636363636363
52339,WWHT,2000,MONO,N100,rf,hist,contill_r90,3.221,100,3.6602272727272727
52339,WWHT,1985,MONO,N100,rf,hist,contill_r90,5.575,100,6.3352272727272725
52339,WWHT,1986,MONO,N100,rf,hist,contill_r90,3.351,100,3.8079545454545456
52339,WWHT,1987,MONO,N100,rf,hist,contill_r90,4.089,100,4.64659090909091
52339,WWHT,1988,MONO,N100,rf,hist,contill_r90,5.192,100,5.9
52339,WWHT,1989,MONO,N100,rf,hist,contill_r90,3.187,100,3.621590909090909
52339,WWHT,1991,MONO,N250,rf,hist,contill_r00,10.293,250,11.696590909090908
52339,WWHT,1990,MONO,N250,rf,hist,contill_r00,10.456,250,11.881818181818181
52339,WWHT,1993,MONO,N250,rf,hist,contill_r00,10.338,250,11.747727272727271
52339,WWHT,1992,MONO,N250,rf,hist,contill_r00,10.196,250,11.586363636363636
52339,WWHT,1995,MONO,N250,rf,hist,contill_r00,9.844,250,11.186363636363636
52339,WWHT,1996,MONO,N250,rf,hist,contill_r00,9.796,250,11.131818181818181
52339,WWHT,1997,MONO,N250,rf,hist,contill_r00,10.398,250,11.815909090909091
52339,WWHT,1998,MONO,N250,rf,hist,contill_r00,10.149,250,11.532954545454544
52339,WWHT,1999,MONO,N250,rf,hist,contill_r00,10.201,250,11.592045454545454
52339,WWHT,1994,MONO,N250,rf,hist,contill_r00,9.615,250,10.926136363636363
52339,WWHT,2001,MONO,N250,rf,hist,contill_r00,10.239,250,11.635227272727274
52339,WWHT,2002,MONO,N250,rf,hist,contill_r00,10.462,250,11.888636363636364
52339,WWHT,2003,MONO,N250,rf,hist,contill_r00,10.283,250,11.685227272727271
52339,WWHT,2004,MONO,N250,rf,hist,contill_r00,10.39,250,11.806818181818182
52339,WWHT,2005,MONO,N250,rf,hist,contill_r00,10.179,250,11.567045454545454
52339,WWHT,2006,MONO,N250,rf,hist,contill_r00,9.767,250,11.098863636363635
52339,WWHT,2007,MONO,N250,rf,hist,contill_r00,10.657,250,12.110227272727272
52339,WWHT,2008,MONO,N250,rf,hist,contill_r00,10.346,250,11.756818181818183
52339,WWHT,2009,MONO,N250,rf,hist,contill_r00,10.38,250,11.795454545454547
52339,WWHT,2010,MONO,N250,rf,hist,contill_r00,10.123,250,11.50340909090909
52339,WWHT,2011,MONO,N250,rf,hist,contill_r00,10.461,250,11.887500000000001
52339,WWHT,2012,MONO,N250,rf,hist,contill_r00,10.745,250,12.210227272727272
52339,WWHT,2013,MONO,N250,rf,hist,contill_r00,10.076,250,11.450000000000001
52339,WWHT,2014,MONO,N250,rf,hist,contill_r00,10.427,250,11.848863636363635
52339,WWHT,2015,MONO,N250,rf,hist,contill_r00,8.316,250,9.450000000000001
52339,WWHT,2016,MONO,N250,rf,hist,contill_r00,11.12,250,12.636363636363635
52339,WWHT,2017,MONO,N250,rf,hist,contill_r00,10.217,250,11.610227272727274
52339,WWHT,2018,MONO,N250,rf,hist,contill_r00,10.369,250,11.782954545454546
52339,WWHT,2019,MONO,N250,rf,hist,contill_r00,7.428,250,8.440909090909091
52339,WWHT,2000,MONO,N250,rf,hist,contill_r00,10.274,250,11.674999999999999
52339,WWHT,1985,MONO,N250,rf,hist,contill_r00,10.261,250,11.660227272727273
52339,WWHT,1986,MONO,N250,rf,hist,contill_r00,9.58,250,10.886363636363637
52339,WWHT,1987,MONO,N250,rf,hist,contill_r00,9.918,250,11.270454545454545
52339,WWHT,1988,MONO,N250,rf,hist,contill_r00,10.105,250,11.482954545454547
52339,WWHT,1989,MONO,N250,rf,hist,contill_r00,10.078,250,11.452272727272726
52339,WWHT,1991,MONO,N250,rf,hist,contill_r30,9.903,250,11.253409090909091
52339,WWHT,1990,MONO,N250,rf,hist,contill_r30,10.041,250,11.410227272727273
52339,WWHT,1993,MONO,N250,rf,hist,contill_r30,10.047,250,11.417045454545455
52339,WWHT,1992,MONO,N250,rf,hist,contill_r30,9.739,250,11.067045454545456
52339,WWHT,1995,MONO,N250,rf,hist,contill_r30,9.479,250,10.771590909090909
52339,WWHT,1996,MONO,N250,rf,hist,contill_r30,9.051,250,10.285227272727273
52339,WWHT,1997,MONO,N250,rf,hist,contill_r30,10.104,250,11.48181818181818
52339,WWHT,1998,MONO,N250,rf,hist,contill_r30,9.875,250,11.221590909090908
52339,WWHT,1999,MONO,N250,rf,hist,contill_r30,9.859,250,11.20340909090909
52339,WWHT,1994,MONO,N250,rf,hist,contill_r30,9.104,250,10.345454545454544
52339,WWHT,2001,MONO,N250,rf,hist,contill_r30,9.899,250,11.248863636363636
52339,WWHT,2002,MONO,N250,rf,hist,contill_r30,9.876,250,11.222727272727273
52339,WWHT,2003,MONO,N250,rf,hist,contill_r30,10.06,250,11.431818181818182
52339,WWHT,2004,MONO,N250,rf,hist,contill_r30,7.798,250,8.861363636363636
52339,WWHT,2005,MONO,N250,rf,hist,contill_r30,10.221,250,11.614772727272728
52339,WWHT,2006,MONO,N250,rf,hist,contill_r30,9.01,250,10.238636363636363
52339,WWHT,2007,MONO,N250,rf,hist,contill_r30,10.681,250,12.1375
52339,WWHT,2008,MONO,N250,rf,hist,contill_r30,10.171,250,11.557954545454544
52339,WWHT,2009,MONO,N250,rf,hist,contill_r30,9.62,250,10.931818181818182
52339,WWHT,2010,MONO,N250,rf,hist,contill_r30,9.885,250,11.232954545454545
52339,WWHT,2011,MONO,N250,rf,hist,contill_r30,9.972,250,11.331818181818182
52339,WWHT,2012,MONO,N250,rf,hist,contill_r30,10.47,250,11.897727272727273
52339,WWHT,2013,MONO,N250,rf,hist,contill_r30,9.593,250,10.901136363636363
52339,WWHT,2014,MONO,N250,rf,hist,contill_r30,10.018,250,11.38409090909091
52339,WWHT,2015,MONO,N250,rf,hist,contill_r30,7.62,250,8.659090909090908
52339,WWHT,2016,MONO,N250,rf,hist,contill_r30,11.124,250,12.64090909090909
52339,WWHT,2017,MONO,N250,rf,hist,contill_r30,6.766,250,7.6886363636363635
52339,WWHT,2018,MONO,N250,rf,hist,contill_r30,11.013,250,12.514772727272726
52339,WWHT,2019,MONO,N250,rf,hist,contill_r30,6.221,250,7.069318181818182
52339,WWHT,2000,MONO,N250,rf,hist,contill_r30,9.786,250,11.120454545454544
52339,WWHT,1985,MONO,N250,rf,hist,contill_r30,9.433,250,10.719318181818181
52339,WWHT,1986,MONO,N250,rf,hist,contill_r30,9.299,250,10.567045454545454
52339,WWHT,1987,MONO,N250,rf,hist,contill_r30,9.262,250,10.525
52339,WWHT,1988,MONO,N250,rf,hist,contill_r30,9.836,250,11.177272727272728
52339,WWHT,1989,MONO,N250,rf,hist,contill_r30,9.637,250,10.951136363636364
52339,WWHT,1991,MONO,N250,rf,hist,contill_r60,10.487,250,11.917045454545455
52339,WWHT,1990,MONO,N250,rf,hist,contill_r60,6.506,250,7.3931818181818185
52339,WWHT,1993,MONO,N250,rf,hist,contill_r60,10.419,250,11.839772727272727
52339,WWHT,1992,MONO,N250,rf,hist,contill_r60,7.397,250,8.405681818181819
52339,WWHT,1995,MONO,N250,rf,hist,contill_r60,9.655,250,10.971590909090908
52339,WWHT,1996,MONO,N250,rf,hist,contill_r60,6.874,250,7.811363636363636
52339,WWHT,1997,MONO,N250,rf,hist,contill_r60,10.44,250,11.863636363636363
52339,WWHT,1998,MONO,N250,rf,hist,contill_r60,7.347,250,8.348863636363637
52339,WWHT,1999,MONO,N250,rf,hist,contill_r60,10.259,250,11.657954545454546
52339,WWHT,1994,MONO,N250,rf,hist,contill_r60,6.548,250,7.440909090909091
52339,WWHT,2001,MONO,N250,rf,hist,contill_r60,10.572,250,12.013636363636362
52339,WWHT,2002,MONO,N250,rf,hist,contill_r60,9.636,250,10.95
52339,WWHT,2003,MONO,N250,rf,hist,contill_r60,9.817,250,11.155681818181819
52339,WWHT,2004,MONO,N250,rf,hist,contill_r60,6.241,250,7.092045454545454
52339,WWHT,2005,MONO,N250,rf,hist,contill_r60,10.303,250,11.707954545454546
52339,WWHT,2006,MONO,N250,rf,hist,contill_r60,7.934,250,9.01590909090909
52339,WWHT,2007,MONO,N250,rf,hist,contill_r60,10.716,250,12.177272727272726
52339,WWHT,2008,MONO,N250,rf,hist,contill_r60,6.589,250,7.487500000000001
52339,WWHT,2009,MONO,N250,rf,hist,contill_r60,10.632,250,12.081818181818182
52339,WWHT,2010,MONO,N250,rf,hist,contill_r60,7.005,250,7.9602272727272725
52339,WWHT,2011,MONO,N250,rf,hist,contill_r60,10.603,250,12.048863636363636
52339,WWHT,2012,MONO,N250,rf,hist,contill_r60,10.317,250,11.723863636363637
52339,WWHT,2013,MONO,N250,rf,hist,contill_r60,9.149,250,10.396590909090907
52339,WWHT,2014,MONO,N250,rf,hist,contill_r60,9.541,250,10.842045454545454
52339,WWHT,2015,MONO,N250,rf,hist,contill_r60,6.993,250,7.94659090909091
52339,WWHT,2016,MONO,N250,rf,hist,contill_r60,11.08,250,12.590909090909092
52339,WWHT,2017,MONO,N250,rf,hist,contill_r60,5.924,250,6.731818181818182
52339,WWHT,2018,MONO,N250,rf,hist,contill_r60,11.017,250,12.519318181818182
52339,WWHT,2019,MONO,N250,rf,hist,contill_r60,5.305,250,6.028409090909091
52339,WWHT,2000,MONO,N250,rf,hist,contill_r60,6.789,250,7.714772727272727
52339,WWHT,1985,MONO,N250,rf,hist,contill_r60,10.09,250,11.46590909090909
52339,WWHT,1986,MONO,N250,rf,hist,contill_r60,7.214,250,8.197727272727272
52339,WWHT,1987,MONO,N250,rf,hist,contill_r60,9.39,250,10.670454545454547
52339,WWHT,1988,MONO,N250,rf,hist,contill_r60,6.864,250,7.8
52339,WWHT,1989,MONO,N250,rf,hist,contill_r60,9.932,250,11.286363636363637
52339,WWHT,1991,MONO,N250,rf,hist,contill_r90,10.42,250,11.84090909090909
52339,WWHT,1990,MONO,N250,rf,hist,contill_r90,5.822,250,6.615909090909091
52339,WWHT,1993,MONO,N250,rf,hist,contill_r90,10.277,250,11.67840909090909
52339,WWHT,1992,MONO,N250,rf,hist,contill_r90,6.864,250,7.8
52339,WWHT,1995,MONO,N250,rf,hist,contill_r90,5.932,250,6.740909090909091
52339,WWHT,1996,MONO,N250,rf,hist,contill_r90,10.005,250,11.369318181818183
52339,WWHT,1997,MONO,N250,rf,hist,contill_r90,8.158,250,9.270454545454545
52339,WWHT,1998,MONO,N250,rf,hist,contill_r90,7.482,250,8.502272727272727
52339,WWHT,1999,MONO,N250,rf,hist,contill_r90,10.021,250,11.387500000000001
52339,WWHT,1994,MONO,N250,rf,hist,contill_r90,6.147,250,6.985227272727273
52339,WWHT,2001,MONO,N250,rf,hist,contill_r90,10.306,250,11.711363636363636
52339,WWHT,2002,MONO,N250,rf,hist,contill_r90,6.891,250,7.8306818181818185
52339,WWHT,2003,MONO,N250,rf,hist,contill_r90,10.406,250,11.825000000000001
52339,WWHT,2004,MONO,N250,rf,hist,contill_r90,5.43,250,6.170454545454545
52339,WWHT,2005,MONO,N250,rf,hist,contill_r90,10.316,250,11.722727272727273
52339,WWHT,2006,MONO,N250,rf,hist,contill_r90,5.649,250,6.4193181818181815
52339,WWHT,2007,MONO,N250,rf,hist,contill_r90,11.089,250,12.601136363636364
52339,WWHT,2008,MONO,N250,rf,hist,contill_r90,4.47,250,5.079545454545454
52339,WWHT,2009,MONO,N250,rf,hist,contill_r90,11.581,250,13.160227272727273
52339,WWHT,2010,MONO,N250,rf,hist,contill_r90,9.765,250,11.09659090909091
52339,WWHT,2011,MONO,N250,rf,hist,contill_r90,9.009,250,10.2375
52339,WWHT,2012,MONO,N250,rf,hist,contill_r90,7.287,250,8.280681818181819
52339,WWHT,2013,MONO,N250,rf,hist,contill_r90,10.166,250,11.552272727272728
52339,WWHT,2014,MONO,N250,rf,hist,contill_r90,6.615,250,7.517045454545455
52339,WWHT,2015,MONO,N250,rf,hist,contill_r90,8.674,250,9.85681818181818
52339,WWHT,2016,MONO,N250,rf,hist,contill_r90,10.844,250,12.322727272727272
52339,WWHT,2017,MONO,N250,rf,hist,contill_r90,4.88,250,5.545454545454545
52339,WWHT,2018,MONO,N250,rf,hist,contill_r90,11.087,250,12.598863636363635
52339,WWHT,2019,MONO,N250,rf,hist,contill_r90,4.862,250,5.525
52339,WWHT,2000,MONO,N250,rf,hist,contill_r90,6.247,250,7.098863636363636
52339,WWHT,1985,MONO,N250,rf,hist,contill_r90,9.915,250,11.267045454545453
52339,WWHT,1986,MONO,N250,rf,hist,contill_r90,6.653,250,7.560227272727272
52339,WWHT,1987,MONO,N250,rf,hist,contill_r90,7.722,250,8.775
52339,WWHT,1988,MONO,N250,rf,hist,contill_r90,6.88,250,7.818181818181818
52339,WWHT,1989,MONO,N250,rf,hist,contill_r90,9.679,250,10.998863636363637
52339,WWHT,1991,MONO,N50,rf,hist,contill_r00,3.715,50,4.221590909090909
52339,WWHT,1990,MONO,N50,rf,hist,contill_r00,3.675,50,4.176136363636363
52339,WWHT,1993,MONO,N50,rf,hist,contill_r00,3.76,50,4.2727272727272725
52339,WWHT,1992,MONO,N50,rf,hist,contill_r00,3.836,50,4.3590909090909085
52339,WWHT,1995,MONO,N50,rf,hist,contill_r00,3.504,50,3.981818181818182
52339,WWHT,1996,MONO,N50,rf,hist,contill_r00,3.361,50,3.819318181818182
52339,WWHT,1997,MONO,N50,rf,hist,contill_r00,3.87,50,4.3977272727272725
52339,WWHT,1998,MONO,N50,rf,hist,contill_r00,3.565,50,4.051136363636363
52339,WWHT,1999,MONO,N50,rf,hist,contill_r00,3.568,50,4.054545454545455
52339,WWHT,1994,MONO,N50,rf,hist,contill_r00,3.548,50,4.031818181818182
52339,WWHT,2001,MONO,N50,rf,hist,contill_r00,3.6,50,4.090909090909091
52339,WWHT,2002,MONO,N50,rf,hist,contill_r00,3.674,50,4.175
52339,WWHT,2003,MONO,N50,rf,hist,contill_r00,3.433,50,3.9011363636363634
52339,WWHT,2004,MONO,N50,rf,hist,contill_r00,3.542,50,4.0249999999999995
52339,WWHT,2005,MONO,N50,rf,hist,contill_r00,3.647,50,4.144318181818181
52339,WWHT,2006,MONO,N50,rf,hist,contill_r00,3.106,50,3.5295454545454543
52339,WWHT,2007,MONO,N50,rf,hist,contill_r00,3.888,50,4.418181818181818
52339,WWHT,2008,MONO,N50,rf,hist,contill_r00,3.512,50,3.9909090909090907
52339,WWHT,2009,MONO,N50,rf,hist,contill_r00,3.512,50,3.9909090909090907
52339,WWHT,2010,MONO,N50,rf,hist,contill_r00,3.354,50,3.8113636363636365
52339,WWHT,2011,MONO,N50,rf,hist,contill_r00,3.493,50,3.9693181818181817
52339,WWHT,2012,MONO,N50,rf,hist,contill_r00,3.66,50,4.159090909090909
52339,WWHT,2013,MONO,N50,rf,hist,contill_r00,3.426,50,3.8931818181818185
52339,WWHT,2014,MONO,N50,rf,hist,contill_r00,3.463,50,3.935227272727273
52339,WWHT,2015,MONO,N50,rf,hist,contill_r00,2.384,50,2.709090909090909
52339,WWHT,2016,MONO,N50,rf,hist,contill_r00,4.23,50,4.8068181818181825
52339,WWHT,2017,MONO,N50,rf,hist,contill_r00,3.259,50,3.7034090909090907
52339,WWHT,2018,MONO,N50,rf,hist,contill_r00,2.754,50,3.1295454545454544
52339,WWHT,2019,MONO,N50,rf,hist,contill_r00,2.112,50,2.4
52339,WWHT,2000,MONO,N50,rf,hist,contill_r00,3.536,50,4.0181818181818185
52339,WWHT,1985,MONO,N50,rf,hist,contill_r00,4.043,50,4.594318181818182
52339,WWHT,1986,MONO,N50,rf,hist,contill_r00,3.556,50,4.040909090909091
52339,WWHT,1987,MONO,N50,rf,hist,contill_r00,3.77,50,4.284090909090909
52339,WWHT,1988,MONO,N50,rf,hist,contill_r00,3.735,50,4.244318181818182
52339,WWHT,1989,MONO,N50,rf,hist,contill_r00,3.608,50,4.1
52339,WWHT,1991,MONO,N50,rf,hist,contill_r30,3.378,50,3.838636363636364
52339,WWHT,1990,MONO,N50,rf,hist,contill_r30,3.447,50,3.9170454545454545
52339,WWHT,1993,MONO,N50,rf,hist,contill_r30,3.673,50,4.173863636363636
52339,WWHT,1992,MONO,N50,rf,hist,contill_r30,3.51,50,3.9886363636363633
52339,WWHT,1995,MONO,N50,rf,hist,contill_r30,3.273,50,3.7193181818181817
52339,WWHT,1996,MONO,N50,rf,hist,contill_r30,2.965,50,3.3693181818181817
52339,WWHT,1997,MONO,N50,rf,hist,contill_r30,3.253,50,3.6965909090909093
52339,WWHT,1998,MONO,N50,rf,hist,contill_r30,3.678,50,4.179545454545455
52339,WWHT,1999,MONO,N50,rf,hist,contill_r30,3.35,50,3.806818181818182
52339,WWHT,1994,MONO,N50,rf,hist,contill_r30,3.238,50,3.6795454545454547
52339,WWHT,2001,MONO,N50,rf,hist,contill_r30,3.182,50,3.6159090909090907
52339,WWHT,2002,MONO,N50,rf,hist,contill_r30,3.489,50,3.9647727272727273
52339,WWHT,2003,MONO,N50,rf,hist,contill_r30,3.339,50,3.794318181818182
52339,WWHT,2004,MONO,N50,rf,hist,contill_r30,2.439,50,2.771590909090909
52339,WWHT,2005,MONO,N50,rf,hist,contill_r30,3.675,50,4.176136363636363
52339,WWHT,2006,MONO,N50,rf,hist,contill_r30,3.104,50,3.5272727272727273
52339,WWHT,2007,MONO,N50,rf,hist,contill_r30,3.122,50,3.5477272727272724
52339,WWHT,2008,MONO,N50,rf,hist,contill_r30,2.978,50,3.3840909090909093
52339,WWHT,2009,MONO,N50,rf,hist,contill_r30,2.692,50,3.059090909090909
52339,WWHT,2010,MONO,N50,rf,hist,contill_r30,3.687,50,4.189772727272727
52339,WWHT,2011,MONO,N50,rf,hist,contill_r30,3.377,50,3.8375
52339,WWHT,2012,MONO,N50,rf,hist,contill_r30,3.641,50,4.1375
52339,WWHT,2013,MONO,N50,rf,hist,contill_r30,2.347,50,2.6670454545454545
52339,WWHT,2014,MONO,N50,rf,hist,contill_r30,3.683,50,4.185227272727272
52339,WWHT,2015,MONO,N50,rf,hist,contill_r30,2.248,50,2.5545454545454547
52339,WWHT,2016,MONO,N50,rf,hist,contill_r30,4.115,50,4.676136363636364
52339,WWHT,2017,MONO,N50,rf,hist,contill_r30,2.19,50,2.4886363636363638
52339,WWHT,2018,MONO,N50,rf,hist,contill_r30,2.572,50,2.922727272727273
52339,WWHT,2019,MONO,N50,rf,hist,contill_r30,2.372,50,2.6954545454545453
52339,WWHT,2000,MONO,N50,rf,hist,contill_r30,3.456,50,3.9272727272727272
52339,WWHT,1985,MONO,N50,rf,hist,contill_r30,3.739,50,4.2488636363636365
52339,WWHT,1986,MONO,N50,rf,hist,contill_r30,3.252,50,3.6954545454545453
52339,WWHT,1987,MONO,N50,rf,hist,contill_r30,3.452,50,3.922727272727273
52339,WWHT,1988,MONO,N50,rf,hist,contill_r30,3.497,50,3.973863636363636
52339,WWHT,1989,MONO,N50,rf,hist,contill_r30,3.363,50,3.8215909090909093
52339,WWHT,1991,MONO,N50,rf,hist,contill_r60,3.773,50,4.2875000000000005
52339,WWHT,1990,MONO,N50,rf,hist,contill_r60,2.376,50,2.6999999999999997
52339,WWHT,1993,MONO,N50,rf,hist,contill_r60,3.769,50,4.282954545454546
52339,WWHT,1992,MONO,N50,rf,hist,contill_r60,2.775,50,3.153409090909091
52339,WWHT,1995,MONO,N50,rf,hist,contill_r60,2.119,50,2.4079545454545457
52339,WWHT,1996,MONO,N50,rf,hist,contill_r60,3.055,50,3.471590909090909
52339,WWHT,1997,MONO,N50,rf,hist,contill_r60,3.102,50,3.525
52339,WWHT,1998,MONO,N50,rf,hist,contill_r60,3.669,50,4.1693181818181815
52339,WWHT,1999,MONO,N50,rf,hist,contill_r60,3.193,50,3.628409090909091
52339,WWHT,1994,MONO,N50,rf,hist,contill_r60,3.003,50,3.4125
52339,WWHT,2001,MONO,N50,rf,hist,contill_r60,2.465,50,2.8011363636363633
52339,WWHT,2002,MONO,N50,rf,hist,contill_r60,3.888,50,4.418181818181818
52339,WWHT,2003,MONO,N50,rf,hist,contill_r60,3.293,50,3.7420454545454547
52339,WWHT,2004,MONO,N50,rf,hist,contill_r60,2.253,50,2.560227272727273
52339,WWHT,2005,MONO,N50,rf,hist,contill_r60,2.832,50,3.218181818181818
52339,WWHT,2006,MONO,N50,rf,hist,contill_r60,3.261,50,3.7056818181818185
52339,WWHT,2007,MONO,N50,rf,hist,contill_r60,2.784,50,3.1636363636363636
52339,WWHT,2008,MONO,N50,rf,hist,contill_r60,3.045,50,3.4602272727272725
52339,WWHT,2009,MONO,N50,rf,hist,contill_r60,2.539,50,2.8852272727272728
52339,WWHT,2010,MONO,N50,rf,hist,contill_r60,3.633,50,4.1284090909090905
52339,WWHT,2011,MONO,N50,rf,hist,contill_r60,2.958,50,3.3613636363636368
52339,WWHT,2012,MONO,N50,rf,hist,contill_r60,2.547,50,2.894318181818182
52339,WWHT,2013,MONO,N50,rf,hist,contill_r60,2.614,50,2.9704545454545452
52339,WWHT,2014,MONO,N50,rf,hist,contill_r60,3.624,50,4.118181818181818
52339,WWHT,2015,MONO,N50,rf,hist,contill_r60,1.987,50,2.2579545454545458
52339,WWHT,2016,MONO,N50,rf,hist,contill_r60,4.12,50,4.681818181818182
52339,WWHT,2017,MONO,N50,rf,hist,contill_r60,1.983,50,2.253409090909091
52339,WWHT,2018,MONO,N50,rf,hist,contill_r60,2.344,50,2.6636363636363636
52339,WWHT,2019,MONO,N50,rf,hist,contill_r60,2.49,50,2.8295454545454546
52339,WWHT,2000,MONO,N50,rf,hist,contill_r60,2.412,50,2.7409090909090907
52339,WWHT,1985,MONO,N50,rf,hist,contill_r60,3.523,50,4.003409090909091
52339,WWHT,1986,MONO,N50,rf,hist,contill_r60,2.974,50,3.379545454545455
52339,WWHT,1987,MONO,N50,rf,hist,contill_r60,3.169,50,3.6011363636363636
52339,WWHT,1988,MONO,N50,rf,hist,contill_r60,3.325,50,3.7784090909090913
52339,WWHT,1989,MONO,N50,rf,hist,contill_r60,3.105,50,3.528409090909091
52339,WWHT,1991,MONO,N50,rf,hist,contill_r90,2.199,50,2.498863636363636
52339,WWHT,1990,MONO,N50,rf,hist,contill_r90,3.461,50,3.932954545454545
52339,WWHT,1993,MONO,N50,rf,hist,contill_r90,3.305,50,3.7556818181818183
52339,WWHT,1992,MONO,N50,rf,hist,contill_r90,3.726,50,4.234090909090909
52339,WWHT,1995,MONO,N50,rf,hist,contill_r90,2.005,50,2.278409090909091
52339,WWHT,1996,MONO,N50,rf,hist,contill_r90,2.693,50,3.0602272727272726
52339,WWHT,1997,MONO,N50,rf,hist,contill_r90,3.158,50,3.5886363636363634
52339,WWHT,1998,MONO,N50,rf,hist,contill_r90,3.635,50,4.130681818181818
52339,WWHT,1999,MONO,N50,rf,hist,contill_r90,2.387,50,2.7125
52339,WWHT,1994,MONO,N50,rf,hist,contill_r90,2.907,50,3.3034090909090907
52339,WWHT,2001,MONO,N50,rf,hist,contill_r90,2.402,50,2.7295454545454545
52339,WWHT,2002,MONO,N50,rf,hist,contill_r90,3.911,50,4.444318181818182
52339,WWHT,2003,MONO,N50,rf,hist,contill_r90,2.394,50,2.7204545454545457
52339,WWHT,2004,MONO,N50,rf,hist,contill_r90,2.537,50,2.8829545454545453
52339,WWHT,2005,MONO,N50,rf,hist,contill_r90,2.733,50,3.1056818181818184
52339,WWHT,2006,MONO,N50,rf,hist,contill_r90,3.25,50,3.6931818181818183
52339,WWHT,2007,MONO,N50,rf,hist,contill_r90,2.706,50,3.0749999999999997
52339,WWHT,2008,MONO,N50,rf,hist,contill_r90,3.676,50,4.177272727272728
52339,WWHT,2009,MONO,N50,rf,hist,contill_r90,1.799,50,2.044318181818182
52339,WWHT,2010,MONO,N50,rf,hist,contill_r90,3.783,50,4.298863636363636
52339,WWHT,2011,MONO,N50,rf,hist,contill_r90,2.868,50,3.259090909090909
52339,WWHT,2012,MONO,N50,rf,hist,contill_r90,2.518,50,2.8613636363636363
52339,WWHT,2013,MONO,N50,rf,hist,contill_r90,2.563,50,2.9125
52339,WWHT,2014,MONO,N50,rf,hist,contill_r90,3.567,50,4.053409090909091
52339,WWHT,2015,MONO,N50,rf,hist,contill_r90,1.866,50,2.1204545454545456
52339,WWHT,2016,MONO,N50,rf,hist,contill_r90,4.261,50,4.842045454545454
52339,WWHT,2017,MONO,N50,rf,hist,contill_r90,1.83,50,2.0795454545454546
52339,WWHT,2018,MONO,N50,rf,hist,contill_r90,2.304,50,2.618181818181818
52339,WWHT,2019,MONO,N50,rf,hist,contill_r90,2.595,50,2.9488636363636367
52339,WWHT,2000,MONO,N50,rf,hist,contill_r90,2.614,50,2.9704545454545452
52339,WWHT,1985,MONO,N50,rf,hist,contill_r90,3.129,50,3.555681818181818
52339,WWHT,1986,MONO,N50,rf,hist,contill_r90,2.304,50,2.618181818181818
52339,WWHT,1987,MONO,N50,rf,hist,contill_r90,3.375,50,3.835227272727273
52339,WWHT,1988,MONO,N50,rf,hist,contill_r90,3.048,50,3.463636363636364
52339,WWHT,1989,MONO,N50,rf,hist,contill_r90,2.424,50,2.7545454545454544
